{
  "Timestamp": "2025-12-24 23:26:47",
  "Label": "",
  "Config": {
    "Connections": 10,
    "MessagesPerConnection": 1000,
    "TotalMessages": 10000,
    "RequestSizeBytes": 64,
    "Mode": "RequestAsync"
  },
  "Results": [
    {
      "ResponseSizeBytes": 1500,
      "TotalElapsedSeconds": 0.2663953,
      "Server": {
        "ProcessedMessages": 10000,
        "ThroughputMsgPerSec": 5618.388175450352,
        "ThroughputMBPerSec": 8.539438219778294,
        "LatencyMeanMs": 0.005353078599999997,
        "LatencyP50Ms": 0.003353,
        "LatencyP95Ms": 0.009636,
        "LatencyP99Ms": 0.013525,
        "MemoryAllocatedMB": 51.191261291503906,
        "GcGen0": 4,
        "GcGen1": 0,
        "GcGen2": 0
      },
      "Client": {
        "SentMessages": 10000,
        "ReceivedMessages": 10000,
        "RttLatencyMeanMs": 0.2227405995999999,
        "RttLatencyP50Ms": 0.207119,
        "RttLatencyP95Ms": 0.293342,
        "RttLatencyP99Ms": 0.559389,
        "ThroughputMsgPerSec": 7720.237134803833,
        "MemoryAllocatedMB": 78.39752197265625,
        "GcGen0": 5,
        "GcGen1": 1,
        "GcGen2": 0
      }
    }
  ]
}