{
  "Timestamp": "2025-12-24 23:33:44",
  "Label": "",
  "Config": {
    "Connections": 10,
    "MessagesPerConnection": 1000,
    "TotalMessages": 10000,
    "RequestSizeBytes": 64,
    "Mode": "RequestAsync"
  },
  "Results": [
    {
      "ResponseSizeBytes": 1500,
      "TotalElapsedSeconds": 0.2819885,
      "Server": {
        "ProcessedMessages": 10000,
        "ThroughputMsgPerSec": 5588.595331153334,
        "ThroughputMBPerSec": 8.494155810425104,
        "LatencyMeanMs": 0.006889096999999986,
        "LatencyP50Ms": 0.004683,
        "LatencyP95Ms": 0.011043,
        "LatencyP99Ms": 0.014249,
        "MemoryAllocatedMB": 51.27533721923828,
        "GcGen0": 4,
        "GcGen1": 0,
        "GcGen2": 0
      },
      "Client": {
        "SentMessages": 10000,
        "ReceivedMessages": 10000,
        "RttLatencyMeanMs": 0.23865133180000034,
        "RttLatencyP50Ms": 0.221351,
        "RttLatencyP95Ms": 0.321882,
        "RttLatencyP99Ms": 0.578346,
        "ThroughputMsgPerSec": 7648.156063989674,
        "MemoryAllocatedMB": 78.3981704711914,
        "GcGen0": 5,
        "GcGen1": 1,
        "GcGen2": 0
      }
    }
  ]
}