{
  "Timestamp": "2025-12-24 20:13:34",
  "Label": "multi_size_test",
  "Config": {
    "Connections": 10,
    "MessagesPerConnection": 100,
    "TotalMessages": 1000,
    "RequestSizeBytes": 128,
    "Mode": "RequestAsync"
  },
  "Results": [
    {
      "ResponseSizeBytes": 256,
      "TotalElapsedSeconds": 0.085875,
      "Server": {
        "ProcessedMessages": 1000,
        "ThroughputMsgPerSec": 622.1948733009025,
        "ThroughputMBPerSec": 0.24503859985193316,
        "LatencyMeanMs": 0.065120053,
        "LatencyP50Ms": 0.008735,
        "LatencyP95Ms": 0.024956,
        "LatencyP99Ms": 0.148859,
        "MemoryAllocatedMB": 4.211860656738281,
        "GcGen0": 0,
        "GcGen1": 0,
        "GcGen2": 0
      },
      "Client": {
        "SentMessages": 1000,
        "ReceivedMessages": 1000,
        "RttLatencyMeanMs": 0.2775979130000001,
        "RttLatencyP50Ms": 0.190738,
        "RttLatencyP95Ms": 0.272098,
        "RttLatencyP99Ms": 0.529925,
        "ThroughputMsgPerSec": 882.8456729261602,
        "MemoryAllocatedMB": 4.195610046386719,
        "GcGen0": 0,
        "GcGen1": 0,
        "GcGen2": 0
      }
    },
    {
      "ResponseSizeBytes": 1500,
      "TotalElapsedSeconds": 0.0245126,
      "Server": {
        "ProcessedMessages": 1000,
        "ThroughputMsgPerSec": 654.1635942783189,
        "ThroughputMBPerSec": 1.0337094394449264,
        "LatencyMeanMs": 0.012750366,
        "LatencyP50Ms": 0.011545999999999999,
        "LatencyP95Ms": 0.024312,
        "LatencyP99Ms": 0.049533,
        "MemoryAllocatedMB": 4.35205078125,
        "GcGen0": 0,
        "GcGen1": 0,
        "GcGen2": 0
      },
      "Client": {
        "SentMessages": 1000,
        "ReceivedMessages": 1000,
        "RttLatencyMeanMs": 0.22188149699999998,
        "RttLatencyP50Ms": 0.19968699999999998,
        "RttLatencyP95Ms": 0.408993,
        "RttLatencyP99Ms": 0.518397,
        "ThroughputMsgPerSec": 972.345993764345,
        "MemoryAllocatedMB": 8.443351745605469,
        "GcGen0": 0,
        "GcGen1": 0,
        "GcGen2": 0
      }
    },
    {
      "ResponseSizeBytes": 65536,
      "TotalElapsedSeconds": 0.0679545,
      "Server": {
        "ProcessedMessages": 1000,
        "ThroughputMsgPerSec": 636.5287287693799,
        "ThroughputMBPerSec": 39.87954080138709,
        "LatencyMeanMs": 0.202965734,
        "LatencyP50Ms": 0.031241999999999995,
        "LatencyP95Ms": 0.8672620000000001,
        "LatencyP99Ms": 5.162127,
        "MemoryAllocatedMB": 127.72820281982422,
        "GcGen0": 10,
        "GcGen1": 2,
        "GcGen2": 1
      },
      "Client": {
        "SentMessages": 1000,
        "ReceivedMessages": 1000,
        "RttLatencyMeanMs": 0.6418284459999996,
        "RttLatencyP50Ms": 0.275612,
        "RttLatencyP95Ms": 2.050758,
        "RttLatencyP99Ms": 6.556704,
        "ThroughputMsgPerSec": 932.1707796527253,
        "MemoryAllocatedMB": 254.17897033691406,
        "GcGen0": 18,
        "GcGen1": 4,
        "GcGen2": 1
      }
    }
  ]
}