{
  "Timestamp": "2025-12-25 00:00:55",
  "Label": "",
  "Config": {
    "Connections": 10,
    "MessagesPerConnection": 1000,
    "TotalMessages": 10000,
    "RequestSizeBytes": 64,
    "Mode": "RequestAsync"
  },
  "Results": [
    {
      "ResponseSizeBytes": 256,
      "TotalElapsedSeconds": 0.3324685,
      "Server": {
        "ProcessedMessages": 10000,
        "ThroughputMsgPerSec": 5401.47517527922,
        "ThroughputMBPerSec": 1.8015975263616126,
        "LatencyMeanMs": 0.0174805239,
        "LatencyP50Ms": 0.003905,
        "LatencyP95Ms": 0.01687,
        "LatencyP99Ms": 0.040915,
        "MemoryAllocatedMB": 54.05047607421875,
        "GcGen0": 5,
        "GcGen1": 1,
        "GcGen2": 0
      },
      "Client": {
        "SentMessages": 10000,
        "ReceivedMessages": 10000,
        "RttLatencyMeanMs": 0.2767079346999996,
        "RttLatencyP50Ms": 0.24425500000000003,
        "RttLatencyP95Ms": 0.332551,
        "RttLatencyP99Ms": 0.482002,
        "ThroughputMsgPerSec": 7261.159058157963,
        "MemoryAllocatedMB": 30.824554443359375,
        "GcGen0": 2,
        "GcGen1": 1,
        "GcGen2": 0
      }
    }
  ]
}