{
  "Timestamp": "2025-12-25 00:01:03",
  "Label": "",
  "Config": {
    "Connections": 10,
    "MessagesPerConnection": 1000,
    "TotalMessages": 10000,
    "RequestSizeBytes": 64,
    "Mode": "RequestAsync"
  },
  "Results": [
    {
      "ResponseSizeBytes": 65536,
      "TotalElapsedSeconds": 0.4611936,
      "Server": {
        "ProcessedMessages": 10000,
        "ThroughputMsgPerSec": 5074.240193421918,
        "ThroughputMBPerSec": 317.6033144685907,
        "LatencyMeanMs": 0.011057789099999993,
        "LatencyP50Ms": 0.007367,
        "LatencyP95Ms": 0.021401,
        "LatencyP99Ms": 0.041172,
        "MemoryAllocatedMB": 57.90919494628906,
        "GcGen0": 5,
        "GcGen1": 1,
        "GcGen2": 1
      },
      "Client": {
        "SentMessages": 10000,
        "ReceivedMessages": 10000,
        "RttLatencyMeanMs": 0.4192472028000002,
        "RttLatencyP50Ms": 0.34178000000000003,
        "RttLatencyP95Ms": 0.7897919999999999,
        "RttLatencyP99Ms": 1.2755349999999999,
        "ThroughputMsgPerSec": 6707.896979044932,
        "MemoryAllocatedMB": 2523.347801208496,
        "GcGen0": 178,
        "GcGen1": 78,
        "GcGen2": 1
      }
    }
  ]
}