{
  "Timestamp": "2025-12-25 00:08:24",
  "Label": "",
  "Config": {
    "Connections": 10,
    "MessagesPerConnection": 1000,
    "TotalMessages": 10000,
    "RequestSizeBytes": 64,
    "Mode": "RequestAsync"
  },
  "Results": [
    {
      "ResponseSizeBytes": 1500,
      "TotalElapsedSeconds": 0.2731096,
      "Server": {
        "ProcessedMessages": 10000,
        "ThroughputMsgPerSec": 5607.787736710328,
        "ThroughputMBPerSec": 8.523326518540113,
        "LatencyMeanMs": 0.0032740196000000028,
        "LatencyP50Ms": 0.00199,
        "LatencyP95Ms": 0.007904,
        "LatencyP99Ms": 0.011091,
        "MemoryAllocatedMB": 51.281944274902344,
        "GcGen0": 4,
        "GcGen1": 0,
        "GcGen2": 0
      },
      "Client": {
        "SentMessages": 10000,
        "ReceivedMessages": 10000,
        "RttLatencyMeanMs": 0.22910506309999873,
        "RttLatencyP50Ms": 0.211125,
        "RttLatencyP95Ms": 0.335136,
        "RttLatencyP99Ms": 0.651758,
        "ThroughputMsgPerSec": 7692.072788238698,
        "MemoryAllocatedMB": 78.41000366210938,
        "GcGen0": 5,
        "GcGen1": 1,
        "GcGen2": 0
      }
    }
  ]
}