{
  "Timestamp": "2025-12-25 00:00:59",
  "Label": "",
  "Config": {
    "Connections": 10,
    "MessagesPerConnection": 1000,
    "TotalMessages": 10000,
    "RequestSizeBytes": 64,
    "Mode": "RequestAsync"
  },
  "Results": [
    {
      "ResponseSizeBytes": 1500,
      "TotalElapsedSeconds": 0.2904684,
      "Server": {
        "ProcessedMessages": 10000,
        "ThroughputMsgPerSec": 5556.719379558941,
        "ThroughputMBPerSec": 8.445707267740504,
        "LatencyMeanMs": 0.005104128000000005,
        "LatencyP50Ms": 0.0031360000000000003,
        "LatencyP95Ms": 0.010393,
        "LatencyP99Ms": 0.013592,
        "MemoryAllocatedMB": 51.242515563964844,
        "GcGen0": 4,
        "GcGen1": 0,
        "GcGen2": 0
      },
      "Client": {
        "SentMessages": 10000,
        "ReceivedMessages": 10000,
        "RttLatencyMeanMs": 0.24763556380000076,
        "RttLatencyP50Ms": 0.23030899999999999,
        "RttLatencyP95Ms": 0.312855,
        "RttLatencyP99Ms": 0.6454740000000001,
        "ThroughputMsgPerSec": 7597.290137775338,
        "MemoryAllocatedMB": 78.41532897949219,
        "GcGen0": 5,
        "GcGen1": 2,
        "GcGen2": 1
      }
    }
  ]
}