{
  "Timestamp": "2025-12-25 00:08:19",
  "Label": "",
  "Config": {
    "Connections": 10,
    "MessagesPerConnection": 1000,
    "TotalMessages": 10000,
    "RequestSizeBytes": 64,
    "Mode": "RequestAsync"
  },
  "Results": [
    {
      "ResponseSizeBytes": 256,
      "TotalElapsedSeconds": 0.3595028,
      "Server": {
        "ProcessedMessages": 10000,
        "ThroughputMsgPerSec": 5314.125674076913,
        "ThroughputMBPerSec": 1.7724631435886953,
        "LatencyMeanMs": 0.015472245299999982,
        "LatencyP50Ms": 0.004053,
        "LatencyP95Ms": 0.016113,
        "LatencyP99Ms": 0.030722000000000003,
        "MemoryAllocatedMB": 54.060516357421875,
        "GcGen0": 5,
        "GcGen1": 1,
        "GcGen2": 0
      },
      "Client": {
        "SentMessages": 10000,
        "ReceivedMessages": 10000,
        "RttLatencyMeanMs": 0.3009506420999988,
        "RttLatencyP50Ms": 0.268309,
        "RttLatencyP95Ms": 0.370054,
        "RttLatencyP99Ms": 0.554832,
        "ThroughputMsgPerSec": 7124.944523400705,
        "MemoryAllocatedMB": 30.824478149414062,
        "GcGen0": 2,
        "GcGen1": 1,
        "GcGen2": 0
      }
    }
  ]
}