{
  "Timestamp": "2026-01-20 21:09:09",
  "Label": "",
  "Config": {
    "Connections": 10000,
    "MessagesPerConnection": null,
    "DurationSeconds": 10,
    "IsTimeBased": true,
    "TotalMessages": null,
    "RequestSizeBytes": 1024,
    "Mode": "Send"
  },
  "Results": [
    {
      "ResponseSizeBytes": 1024,
      "TotalElapsedSeconds": 15.5965464,
      "Server": {
        "ProcessedMessages": 6756459,
        "ThroughputMsgPerSec": 344607.14470604167,
        "ThroughputMBPerSec": 673.0608295039876,
        "LatencyMeanMs": 0,
        "LatencyP50Ms": 0,
        "LatencyP95Ms": 0,
        "LatencyP99Ms": 0,
        "MemoryAllocatedMB": 10858.723815917969,
        "GcGen0": 653,
        "GcGen1": 560,
        "GcGen2": 1
      },
      "Client": {
        "SentMessages": 4966356,
        "ReceivedMessages": 4966356,
        "RttLatencyMeanMs": 194.46867700897496,
        "RttLatencyP50Ms": 197.80700000000002,
        "RttLatencyP95Ms": 316.238157,
        "RttLatencyP99Ms": 337.44744599999996,
        "ThroughputMsgPerSec": 353346.72558506107,
        "MemoryAllocatedMB": 3558.865364074707,
        "GcGen0": 229,
        "GcGen1": 190,
        "GcGen2": 4
      }
    }
  ]
}