{
  "Timestamp": "2026-01-20 21:11:08",
  "Label": "",
  "Config": {
    "Connections": 10000,
    "MessagesPerConnection": null,
    "DurationSeconds": 10,
    "IsTimeBased": true,
    "TotalMessages": null,
    "RequestSizeBytes": 1024,
    "Mode": "Send"
  },
  "Results": [
    {
      "ResponseSizeBytes": 1024,
      "TotalElapsedSeconds": 15.3439116,
      "Server": {
        "ProcessedMessages": 6773279,
        "ThroughputMsgPerSec": 349934.3160098166,
        "ThroughputMBPerSec": 683.465460956673,
        "LatencyMeanMs": 0,
        "LatencyP50Ms": 0,
        "LatencyP95Ms": 0,
        "LatencyP99Ms": 0,
        "MemoryAllocatedMB": 10872.328018188477,
        "GcGen0": 654,
        "GcGen1": 545,
        "GcGen2": 1
      },
      "Client": {
        "SentMessages": 4926038,
        "ReceivedMessages": 4926038,
        "RttLatencyMeanMs": 195.59385618131213,
        "RttLatencyP50Ms": 201.841885,
        "RttLatencyP95Ms": 325.729576,
        "RttLatencyP99Ms": 364.981551,
        "ThroughputMsgPerSec": 353857.0312825161,
        "MemoryAllocatedMB": 3514.1794052124023,
        "GcGen0": 225,
        "GcGen1": 187,
        "GcGen2": 4
      }
    }
  ]
}