{
  "Timestamp": "2025-12-25 00:08:26",
  "Label": "",
  "Config": {
    "Connections": 10,
    "MessagesPerConnection": 1000,
    "TotalMessages": 10000,
    "RequestSizeBytes": 64,
    "Mode": "RequestAsync"
  },
  "Results": [
    {
      "ResponseSizeBytes": 65536,
      "TotalElapsedSeconds": 0.4643763,
      "Server": {
        "ProcessedMessages": 10000,
        "ThroughputMsgPerSec": 5059.656896570393,
        "ThroughputMBPerSec": 316.69052689067354,
        "LatencyMeanMs": 0.013503281899999973,
        "LatencyP50Ms": 0.007728,
        "LatencyP95Ms": 0.023107000000000003,
        "LatencyP99Ms": 0.043887999999999996,
        "MemoryAllocatedMB": 58.86326599121094,
        "GcGen0": 5,
        "GcGen1": 1,
        "GcGen2": 1
      },
      "Client": {
        "SentMessages": 10000,
        "ReceivedMessages": 10000,
        "RttLatencyMeanMs": 0.42074420380000055,
        "RttLatencyP50Ms": 0.354862,
        "RttLatencyP95Ms": 0.7772709999999999,
        "RttLatencyP99Ms": 1.012134,
        "ThroughputMsgPerSec": 6710.807224881902,
        "MemoryAllocatedMB": 2523.3282928466797,
        "GcGen0": 178,
        "GcGen1": 40,
        "GcGen2": 1
      }
    }
  ]
}