{
  "Timestamp": "2025-12-24 22:02:51",
  "Label": "memory_opt_test",
  "Config": {
    "Connections": 10,
    "MessagesPerConnection": 1000,
    "TotalMessages": 10000,
    "RequestSizeBytes": 64,
    "Mode": "RequestAsync"
  },
  "Results": [
    {
      "ResponseSizeBytes": 256,
      "TotalElapsedSeconds": 0.2133954,
      "Server": {
        "ProcessedMessages": 10000,
        "ThroughputMsgPerSec": 5802.336333934204,
        "ThroughputMBPerSec": 1.9352999777127728,
        "LatencyMeanMs": 0.0037456908000000014,
        "LatencyP50Ms": 0.002391,
        "LatencyP95Ms": 0.00869,
        "LatencyP99Ms": 0.015746000000000003,
        "MemoryAllocatedMB": 18.04351806640625,
        "GcGen0": 1,
        "GcGen1": 1,
        "GcGen2": 0
      },
      "Client": {
        "SentMessages": 10000,
        "ReceivedMessages": 10000,
        "RttLatencyMeanMs": 0.16737744979999986,
        "RttLatencyP50Ms": 0.16463599999999998,
        "RttLatencyP95Ms": 0.23472,
        "RttLatencyP99Ms": 0.29065599999999997,
        "ThroughputMsgPerSec": 8050.190036811104,
        "MemoryAllocatedMB": 30.8531494140625,
        "GcGen0": 2,
        "GcGen1": 1,
        "GcGen2": 0
      }
    },
    {
      "ResponseSizeBytes": 1500,
      "TotalElapsedSeconds": 0.1876201,
      "Server": {
        "ProcessedMessages": 10000,
        "ThroughputMsgPerSec": 5917.497305763476,
        "ThroughputMBPerSec": 8.99405685051678,
        "LatencyMeanMs": 0.004242368399999999,
        "LatencyP50Ms": 0.002829,
        "LatencyP95Ms": 0.009203,
        "LatencyP99Ms": 0.014504999999999999,
        "MemoryAllocatedMB": 41.59492492675781,
        "GcGen0": 3,
        "GcGen1": 2,
        "GcGen2": 0
      },
      "Client": {
        "SentMessages": 10000,
        "ReceivedMessages": 10000,
        "RttLatencyMeanMs": 0.18408182849999988,
        "RttLatencyP50Ms": 0.17295400000000002,
        "RttLatencyP95Ms": 0.30738899999999997,
        "RttLatencyP99Ms": 0.5016390000000001,
        "ThroughputMsgPerSec": 8384.004861381378,
        "MemoryAllocatedMB": 77.6267318725586,
        "GcGen0": 5,
        "GcGen1": 1,
        "GcGen2": 1
      }
    },
    {
      "ResponseSizeBytes": 65536,
      "TotalElapsedSeconds": 0.4019887,
      "Server": {
        "ProcessedMessages": 10000,
        "ThroughputMsgPerSec": 5251.526592522813,
        "ThroughputMBPerSec": 328.6999015078957,
        "LatencyMeanMs": 0.03908720809999996,
        "LatencyP50Ms": 0.022571,
        "LatencyP95Ms": 0.052406,
        "LatencyP99Ms": 0.46901899999999996,
        "MemoryAllocatedMB": 1263.0250396728516,
        "GcGen0": 93,
        "GcGen1": 52,
        "GcGen2": 1
      },
      "Client": {
        "SentMessages": 10000,
        "ReceivedMessages": 10000,
        "RttLatencyMeanMs": 0.39760811019999837,
        "RttLatencyP50Ms": 0.305399,
        "RttLatencyP95Ms": 0.8398709999999999,
        "RttLatencyP99Ms": 1.1038759999999999,
        "ThroughputMsgPerSec": 7114.880416647397,
        "MemoryAllocatedMB": 2522.463478088379,
        "GcGen0": 177,
        "GcGen1": 0,
        "GcGen2": 0
      }
    }
  ]
}