{
  "Timestamp": "2026-01-20 21:10:29",
  "Label": "",
  "Config": {
    "Connections": 10000,
    "MessagesPerConnection": null,
    "DurationSeconds": 10,
    "IsTimeBased": true,
    "TotalMessages": null,
    "RequestSizeBytes": 1024,
    "Mode": "Send"
  },
  "Results": [
    {
      "ResponseSizeBytes": 1024,
      "TotalElapsedSeconds": 14.3443504,
      "Server": {
        "ProcessedMessages": 6388307,
        "ThroughputMsgPerSec": 347803.9955379567,
        "ThroughputMBPerSec": 679.3046787850717,
        "LatencyMeanMs": 0,
        "LatencyP50Ms": 0,
        "LatencyP95Ms": 0,
        "LatencyP99Ms": 0,
        "MemoryAllocatedMB": 10349.326751708984,
        "GcGen0": 618,
        "GcGen1": 493,
        "GcGen2": 1
      },
      "Client": {
        "SentMessages": 4949419,
        "ReceivedMessages": 4949419,
        "RttLatencyMeanMs": 196.1447890596528,
        "RttLatencyP50Ms": 200.322681,
        "RttLatencyP95Ms": 307.075946,
        "RttLatencyP99Ms": 355.800176,
        "ThroughputMsgPerSec": 360472.4975594422,
        "MemoryAllocatedMB": 3726.486885070801,
        "GcGen0": 238,
        "GcGen1": 216,
        "GcGen2": 3
      }
    }
  ]
}